-- MySQL Script generated by MySQL Workbench
-- Thu Oct 13 10:52:53 2016
-- Model: New Model    Version: 1.0
-- MySQL Workbench Forward Engineering

SET @OLD_UNIQUE_CHECKS=@@UNIQUE_CHECKS, UNIQUE_CHECKS=0;
SET @OLD_FOREIGN_KEY_CHECKS=@@FOREIGN_KEY_CHECKS, FOREIGN_KEY_CHECKS=0;
SET @OLD_SQL_MODE=@@SQL_MODE, SQL_MODE='TRADITIONAL,ALLOW_INVALID_DATES';

-- -----------------------------------------------------
-- Schema jtc13
-- -----------------------------------------------------
DROP SCHEMA IF EXISTS `jtc13` ;

-- -----------------------------------------------------
-- Schema jtc13
-- -----------------------------------------------------
CREATE SCHEMA IF NOT EXISTS `jtc13` DEFAULT CHARACTER SET utf8 ;
SHOW WARNINGS;
USE `jtc13` ;

-- -----------------------------------------------------
-- Table `jtc13`.`customer`
-- -----------------------------------------------------
DROP TABLE IF EXISTS `jtc13`.`customer` ;

SHOW WARNINGS;
CREATE TABLE IF NOT EXISTS `jtc13`.`customer` (
  `cus_id` SMALLINT NOT NULL,
  `cus_fname` VARCHAR(15) NOT NULL,
  `cus_lname` VARCHAR(30) NOT NULL,
  `cus_street` VARCHAR(30) NOT NULL,
  `cus_city` VARCHAR(30) NOT NULL,
  `cus_state` CHAR(2) NOT NULL,
  `cus_zip` INT NOT NULL,
  `cus_phone` BIGINT NOT NULL,
  `cus_email` VARCHAR(100) NOT NULL,
  `cus_balance` DECIMAL(6,2) NOT NULL,
  `cus_total_sales` DECIMAL(6,2) NOT NULL,
  `cus_notes` VARCHAR(255) NULL,
  PRIMARY KEY (`cus_id`))
ENGINE = InnoDB;

SHOW WARNINGS;

-- -----------------------------------------------------
-- Table `jtc13`.`petstore`
-- -----------------------------------------------------
DROP TABLE IF EXISTS `jtc13`.`petstore` ;

SHOW WARNINGS;
CREATE TABLE IF NOT EXISTS `jtc13`.`petstore` (
  `pst_id` SMALLINT NOT NULL,
  `pst_name` VARCHAR(30) NOT NULL,
  `pst_street` VARCHAR(30) NOT NULL,
  `pst_city` VARCHAR(30) NOT NULL,
  `pst_state` CHAR(2) NOT NULL,
  `pst_zip` INT NOT NULL,
  `pst_phone` BIGINT NOT NULL,
  `pst_email` VARCHAR(100) NOT NULL,
  `pst_url` VARCHAR(100) NOT NULL,
  `pst_ytd_sales` DECIMAL(10,2) NOT NULL,
  `pst_notes` VARCHAR(45) NULL,
  PRIMARY KEY (`pst_id`))
ENGINE = InnoDB;

SHOW WARNINGS;

-- -----------------------------------------------------
-- Table `jtc13`.`pet`
-- -----------------------------------------------------
DROP TABLE IF EXISTS `jtc13`.`pet` ;

SHOW WARNINGS;
CREATE TABLE IF NOT EXISTS `jtc13`.`pet` (
  `pet_id` SMALLINT NOT NULL,
  `pst_id` SMALLINT NOT NULL,
  `cus_id` SMALLINT NULL,
  `pet_type` VARCHAR(45) NOT NULL,
  `pet_sex` ENUM('m', 'f') NOT NULL,
  `pet_cost` DECIMAL(6,2) NOT NULL,
  `pet_price` DECIMAL(6,2) NOT NULL,
  `pet_age` TINYINT NOT NULL,
  `pet_color` VARCHAR(30) NOT NULL,
  `pet_sale_date` DATE NOT NULL,
  `pet_vaccine` ENUM('y', 'n') NOT NULL,
  `pet_neuter` ENUM('y', 'n') NOT NULL,
  `pet_notes` VARCHAR(45) NULL,
  PRIMARY KEY (`pet_id`),
  INDEX `fk_pet_petstore_idx` (`pst_id` ASC),
  INDEX `fk_pet_customer1_idx` (`cus_id` ASC),
  CONSTRAINT `fk_pet_petstore`
    FOREIGN KEY (`pst_id`)
    REFERENCES `jtc13`.`petstore` (`pst_id`)
    ON DELETE NO ACTION
    ON UPDATE NO ACTION,
  CONSTRAINT `fk_pet_customer1`
    FOREIGN KEY (`cus_id`)
    REFERENCES `jtc13`.`customer` (`cus_id`)
    ON DELETE NO ACTION
    ON UPDATE NO ACTION)
ENGINE = InnoDB;

SHOW WARNINGS;

SET SQL_MODE=@OLD_SQL_MODE;
SET FOREIGN_KEY_CHECKS=@OLD_FOREIGN_KEY_CHECKS;
SET UNIQUE_CHECKS=@OLD_UNIQUE_CHECKS;

-- -----------------------------------------------------
-- Data for table `jtc13`.`customer`
-- -----------------------------------------------------
START TRANSACTION;
USE `jtc13`;
INSERT INTO `jtc13`.`customer` (`cus_id`, `cus_fname`, `cus_lname`, `cus_street`, `cus_city`, `cus_state`, `cus_zip`, `cus_phone`, `cus_email`, `cus_balance`, `cus_total_sales`, `cus_notes`) VALUES (1, 'Jonathan', 'Conley', '4707 Miranda Circle', 'Orlando', 'fl', 32818, 4077310187, 'jtc13@my.fsu.edu', 100.00, 200.00, NULL);
INSERT INTO `jtc13`.`customer` (`cus_id`, `cus_fname`, `cus_lname`, `cus_street`, `cus_city`, `cus_state`, `cus_zip`, `cus_phone`, `cus_email`, `cus_balance`, `cus_total_sales`, `cus_notes`) VALUES (2, 'Marlene', 'Conley', '4738 Miranda Circle', 'Orlando', 'fl', 32818, 4079292641, 'rajkowski@cfl.rr.com', 400.00, 500.00, NULL);
INSERT INTO `jtc13`.`customer` (`cus_id`, `cus_fname`, `cus_lname`, `cus_street`, `cus_city`, `cus_state`, `cus_zip`, `cus_phone`, `cus_email`, `cus_balance`, `cus_total_sales`, `cus_notes`) VALUES (3, 'John', 'Conley', '5739 Mirnda Circle', 'Orlando', 'fl', 32818, 4072991269, 'johnwcon910@aol.com', 700.00, 900.00, NULL);
INSERT INTO `jtc13`.`customer` (`cus_id`, `cus_fname`, `cus_lname`, `cus_street`, `cus_city`, `cus_state`, `cus_zip`, `cus_phone`, `cus_email`, `cus_balance`, `cus_total_sales`, `cus_notes`) VALUES (4, 'Marcos', 'Cabello', '6739 Tillman Ave', 'Orlando', 'fl', 32454, 4074885552, 'mac13@my.fsu.edu', 100.00, 200.00, NULL);
INSERT INTO `jtc13`.`customer` (`cus_id`, `cus_fname`, `cus_lname`, `cus_street`, `cus_city`, `cus_state`, `cus_zip`, `cus_phone`, `cus_email`, `cus_balance`, `cus_total_sales`, `cus_notes`) VALUES (5, 'Lauren', 'Strode', '700 N Woodward Ave', 'Tallahassee', 'fl', 32304, 9545614829, 'lns13@my.fsu.edu', 60.00, 70.00, NULL);
INSERT INTO `jtc13`.`customer` (`cus_id`, `cus_fname`, `cus_lname`, `cus_street`, `cus_city`, `cus_state`, `cus_zip`, `cus_phone`, `cus_email`, `cus_balance`, `cus_total_sales`, `cus_notes`) VALUES (6, 'Dan', 'Hong', '544 Chipotle Lane', 'Tallahassee', 'fl', 32304, 5739573758, 'dhm@my.fsu.edu', 50.00, 10.00, NULL);
INSERT INTO `jtc13`.`customer` (`cus_id`, `cus_fname`, `cus_lname`, `cus_street`, `cus_city`, `cus_state`, `cus_zip`, `cus_phone`, `cus_email`, `cus_balance`, `cus_total_sales`, `cus_notes`) VALUES (7, 'Dan', 'Rigby', '899 CSX Road', 'Tallahassee', 'fl', 32304, 6938540000, 'dqr@my.fsu.edu', 20.00, 5.00, NULL);
INSERT INTO `jtc13`.`customer` (`cus_id`, `cus_fname`, `cus_lname`, `cus_street`, `cus_city`, `cus_state`, `cus_zip`, `cus_phone`, `cus_email`, `cus_balance`, `cus_total_sales`, `cus_notes`) VALUES (8, 'Neil', 'Cayman', '700 N Shore Drive', 'Longwood', 'nm', 58399, 4599303858, 'me@me.com', 700.00, 900.00, NULL);
INSERT INTO `jtc13`.`customer` (`cus_id`, `cus_fname`, `cus_lname`, `cus_street`, `cus_city`, `cus_state`, `cus_zip`, `cus_phone`, `cus_email`, `cus_balance`, `cus_total_sales`, `cus_notes`) VALUES (9, 'Jodi', 'Shoreman', '611 Beach Way', 'Beach', 'ms', 84000, 1234565456, 'shells@ocean.om', 900.00, 11.00, NULL);
INSERT INTO `jtc13`.`customer` (`cus_id`, `cus_fname`, `cus_lname`, `cus_street`, `cus_city`, `cus_state`, `cus_zip`, `cus_phone`, `cus_email`, `cus_balance`, `cus_total_sales`, `cus_notes`) VALUES (10, 'Miso', 'Soup', '888 Soup Shore', 'Miso', 'ms', 86044, 8593850091, 'miso@soup.com', 10.00, 1.00, NULL);

COMMIT;


-- -----------------------------------------------------
-- Data for table `jtc13`.`petstore`
-- -----------------------------------------------------
START TRANSACTION;
USE `jtc13`;
INSERT INTO `jtc13`.`petstore` (`pst_id`, `pst_name`, `pst_street`, `pst_city`, `pst_state`, `pst_zip`, `pst_phone`, `pst_email`, `pst_url`, `pst_ytd_sales`, `pst_notes`) VALUES (1, 'Dogs R Us', 'Apple Lane', 'Tallahassee', 'fl', 32405, 4078903467, 'dogsrus@aol.com', 'dogsrus.com', 100.00, NULL);
INSERT INTO `jtc13`.`petstore` (`pst_id`, `pst_name`, `pst_street`, `pst_city`, `pst_state`, `pst_zip`, `pst_phone`, `pst_email`, `pst_url`, `pst_ytd_sales`, `pst_notes`) VALUES (2, 'Cats R Us', 'Bellow Yard', 'Tallahassee', 'fl', 68900, 4087592577, 'catsrus@aol.com', 'catsrus.com', 500.00, NULL);
INSERT INTO `jtc13`.`petstore` (`pst_id`, `pst_name`, `pst_street`, `pst_city`, `pst_state`, `pst_zip`, `pst_phone`, `pst_email`, `pst_url`, `pst_ytd_sales`, `pst_notes`) VALUES (3, 'Animals R Us', 'Candle Lane', 'New Mexico', 'nm', 68499, 8601769281, 'animalsrus@aol.com', 'animalsrus.com', 1000.00, NULL);
INSERT INTO `jtc13`.`petstore` (`pst_id`, `pst_name`, `pst_street`, `pst_city`, `pst_state`, `pst_zip`, `pst_phone`, `pst_email`, `pst_url`, `pst_ytd_sales`, `pst_notes`) VALUES (4, 'Catdashians', 'Dogfish Ocean', 'Palm Beach', 'fl', 01940, 408293485, 'Catdashian@aol.com', 'catdashian.com', 5000.00, NULL);
INSERT INTO `jtc13`.`petstore` (`pst_id`, `pst_name`, `pst_street`, `pst_city`, `pst_state`, `pst_zip`, `pst_phone`, `pst_email`, `pst_url`, `pst_ytd_sales`, `pst_notes`) VALUES (5, 'Lobsters', 'Elephant Road', 'Africa', 'al', 20340, 859202848, 'lobsterpets@aol.com', 'lobsterpets.com', 700.00, NULL);
INSERT INTO `jtc13`.`petstore` (`pst_id`, `pst_name`, `pst_street`, `pst_city`, `pst_state`, `pst_zip`, `pst_phone`, `pst_email`, `pst_url`, `pst_ytd_sales`, `pst_notes`) VALUES (6, 'Llamas', 'Falldown Street', 'Tennessee', 'tn', 89093, 849095019, 'llamasplease@aol.com', 'llamasplease.com', 500.00, NULL);
INSERT INTO `jtc13`.`petstore` (`pst_id`, `pst_name`, `pst_street`, `pst_city`, `pst_state`, `pst_zip`, `pst_phone`, `pst_email`, `pst_url`, `pst_ytd_sales`, `pst_notes`) VALUES (7, 'Squid Up!', 'Gorrilaz', 'Albacerque', 'al', 78943, 8019109589, 'Squidup@aol.com', 'squidup.com', 10000.00, NULL);
INSERT INTO `jtc13`.`petstore` (`pst_id`, `pst_name`, `pst_street`, `pst_city`, `pst_state`, `pst_zip`, `pst_phone`, `pst_email`, `pst_url`, `pst_ytd_sales`, `pst_notes`) VALUES (8, 'Dogman', 'Danielz Road', 'Orlando', 'fl', 32818, 4074839478, 'dogman@aol.com', 'dogman.com', 600.00, NULL);
INSERT INTO `jtc13`.`petstore` (`pst_id`, `pst_name`, `pst_street`, `pst_city`, `pst_state`, `pst_zip`, `pst_phone`, `pst_email`, `pst_url`, `pst_ytd_sales`, `pst_notes`) VALUES (9, 'Catlady', 'Mcquire Stadium', 'Orlando', 'fl', 32809, 4076420039, 'catladys@aol.com', 'catladys.com', 500.00, NULL);
INSERT INTO `jtc13`.`petstore` (`pst_id`, `pst_name`, `pst_street`, `pst_city`, `pst_state`, `pst_zip`, `pst_phone`, `pst_email`, `pst_url`, `pst_ytd_sales`, `pst_notes`) VALUES (10, 'WeGotPets', 'Sunset Ave', 'Orlando', 'fl', 32817, 4076583028, 'WeGotPets@aol.com', 'wegotpets.om', 5000.00, NULL);

COMMIT;


-- -----------------------------------------------------
-- Data for table `jtc13`.`pet`
-- -----------------------------------------------------
START TRANSACTION;
USE `jtc13`;
INSERT INTO `jtc13`.`pet` (`pet_id`, `pst_id`, `cus_id`, `pet_type`, `pet_sex`, `pet_cost`, `pet_price`, `pet_age`, `pet_color`, `pet_sale_date`, `pet_vaccine`, `pet_neuter`, `pet_notes`) VALUES (1, 1, 1, 'dog', 'f', 50, 75, 1, 'white', '4/4/00', 'n', 'y', 'NULL');
INSERT INTO `jtc13`.`pet` (`pet_id`, `pst_id`, `cus_id`, `pet_type`, `pet_sex`, `pet_cost`, `pet_price`, `pet_age`, `pet_color`, `pet_sale_date`, `pet_vaccine`, `pet_neuter`, `pet_notes`) VALUES (2, 2, 2, 'cat', 'f', 60, 60, 1, 'white and orange', '5/5/00', 'n', 'n', 'NULL');
INSERT INTO `jtc13`.`pet` (`pet_id`, `pst_id`, `cus_id`, `pet_type`, `pet_sex`, `pet_cost`, `pet_price`, `pet_age`, `pet_color`, `pet_sale_date`, `pet_vaccine`, `pet_neuter`, `pet_notes`) VALUES (3, 3, 3, 'cat', 'm', 40, 4, 3, 'orange and white', '6/6/00', 'y', 'y', 'NULL');
INSERT INTO `jtc13`.`pet` (`pet_id`, `pst_id`, `cus_id`, `pet_type`, `pet_sex`, `pet_cost`, `pet_price`, `pet_age`, `pet_color`, `pet_sale_date`, `pet_vaccine`, `pet_neuter`, `pet_notes`) VALUES (4, 4, 4, 'dog', 'm', 30, 25, 2, 'black and gray', '7/7/00', 'n', 'y', 'NULL');
INSERT INTO `jtc13`.`pet` (`pet_id`, `pst_id`, `cus_id`, `pet_type`, `pet_sex`, `pet_cost`, `pet_price`, `pet_age`, `pet_color`, `pet_sale_date`, `pet_vaccine`, `pet_neuter`, `pet_notes`) VALUES (5, 5, 5, 'cat', 'f', 10, 30, 5, 'gray', '8/8/00', 'y', 'n', 'NULL');
INSERT INTO `jtc13`.`pet` (`pet_id`, `pst_id`, `cus_id`, `pet_type`, `pet_sex`, `pet_cost`, `pet_price`, `pet_age`, `pet_color`, `pet_sale_date`, `pet_vaccine`, `pet_neuter`, `pet_notes`) VALUES (6, 6, 6, 'goat', 'm', 60, 30, 2, 'rainbow', '9/9/00', 'y', 'n', 'NULL');
INSERT INTO `jtc13`.`pet` (`pet_id`, `pst_id`, `cus_id`, `pet_type`, `pet_sex`, `pet_cost`, `pet_price`, `pet_age`, `pet_color`, `pet_sale_date`, `pet_vaccine`, `pet_neuter`, `pet_notes`) VALUES (7, 7, 7, 'mouse', 'f', 80, 80, 8, 'calico', '10/10/00', 'n', 'y', 'NULL');
INSERT INTO `jtc13`.`pet` (`pet_id`, `pst_id`, `cus_id`, `pet_type`, `pet_sex`, `pet_cost`, `pet_price`, `pet_age`, `pet_color`, `pet_sale_date`, `pet_vaccine`, `pet_neuter`, `pet_notes`) VALUES (8, 8, 8, 'hamster', 'm', 10, 15, 1, 'black', '1/1/00', 'y', 'y', 'good pet');
INSERT INTO `jtc13`.`pet` (`pet_id`, `pst_id`, `cus_id`, `pet_type`, `pet_sex`, `pet_cost`, `pet_price`, `pet_age`, `pet_color`, `pet_sale_date`, `pet_vaccine`, `pet_neuter`, `pet_notes`) VALUES (9, 9, 9, 'goat', 'm', 15, 15, 2, 'brown', '2/2/00', 'n', 'y', 'alright');
INSERT INTO `jtc13`.`pet` (`pet_id`, `pst_id`, `cus_id`, `pet_type`, `pet_sex`, `pet_cost`, `pet_price`, `pet_age`, `pet_color`, `pet_sale_date`, `pet_vaccine`, `pet_neuter`, `pet_notes`) VALUES (10, 10, 10, 'dog', 'm', 76, 100, 4, 'gray', '3/3/00', 'n', 'n', 'its a goat');

COMMIT;

